ID Resultado Vendedor;Ano do Leilão;Tipo Leilão;Leilão;Denominação do Leilão;Edital do Leilão ANEEL;Sigla Vendedor;CNPJ;Produto;CEG;Nome da Usina;Situação;UF;Fonte;Rio/Combustível;Submercado;Investimento na Data do Leilão (R$);Investimento Atualizado (R$.mi);Potência (MW);Potência Injetada (MW);Disponibilidade de Potência (MW);Potência C.C (MWp);Garantia Física (MW médio);Preço de Venda na Data do Leilão (R$/MWh);Unidade de Preço;ICE (R$/MWh);CVU (R$/MWh);Montante Financeiro Data Leilão (R$);Preço de Venda Atualizado (R$/MWh);Montante Financeiro Atualizado (R$);Início Suprimento;Fim Suprimento;Entrega Escalonada;IPCA na Data do leilão;IPCA Abr/2022
1922;2021;LEE;23ºLEE;Leilão de Energia Existente;004/2021;PETROBRAS PIE;33.000.167/0001-01;DISP2025-15;UTE.GN.SP.028014-3.01;CUBATÃO;Sem Pendências;SP;Gás Natural;Gás Natural;SE;0,00;0,00 ;249,900;;;0,000;163,300;151,15;R$/MWh;0,00;0,00;1.953.416.892,24;168,09;2.172.366.107,01;01/01/2025;31/12/2039;Não;5.739,56;6.382,88
1923;2021;LEE;24ºLEE;Leilão de Energia Existente;005/2021;PETROBRAS PIE;33.000.167/0001-01; DISP2026-15;UTE.GN.SP.028014-3.01;CUBATÃO;Sem Pendências;SP;Gás Natural;Gás Natural;SE;0,00;0,00 ;249,900;;;0,000;162,500;172,39;R$/MWh;0,00;0,00;1.455.323.827,25;191,71;1.618.444.157,82;01/01/2026;31/12/2040;Não;5.739,56;6.382,88
1924;2021;LEN;33ºLEN;Leilão de Energia Nova;006/2021;COPREL;08.323.274/0001-23;QTDH2024-30;PCH.PH.RS.037469-5.01;Tio Hugo;Sem Pendências;RS;Hidrelétrica (PCH);Rio Jacuí;S;71.033.490,00;78.578.823,96 ;9,273;;;0,000;4,560;218,00;R$/MWh;0,00;0,00;206.396.121,60;241,16;228.319.972,80;01/01/2024;31/12/2053;Não;5.769,98;6.382,88
1925;2021;LEN;33ºLEN;Leilão de Energia Nova;006/2021;RINCAO S MIGUEL A4;08.147.432/0001-31;QTDH2024-30;PCH.PH.RS.031029-8.01;RINCÃO SÃO MIGUEL;Sem Pendências;RS;Hidrelétrica (PCH);Rio Toropi;S;75.648.500,00;83.684.050,50 ;9,750;;;0,000;4,900;218,68;R$/MWh;0,00;0,00;241.546.580,35;241,91;267.204.190,79;01/01/2024;31/12/2053;Não;5.769,98;6.382,88
1926;2021;LEN;33ºLEN;Leilão de Energia Nova;006/2021;CACH 5 VEADOS A4;08.147.388/0001-60;QTDH2024-30;PCH.PH.RS.031030-1.01;CACHOEIRA CINCO VEADOS;Sem Pendências;RS;Hidrelétrica (PCH);-;S;96.043.980,00;106.245.983,36 ;16,227;;;0,000;8,490;220,33;R$/MWh;0,00;0,00;417.204.196,99;243,73;461.520.546,85;01/01/2024;31/12/2053;Não;5.769,98;6.382,88
1927;2021;LEN;33ºLEN;Leilão de Energia Nova;006/2021;VSL;15.673.834/0001-35;QTDE2024-20;EOL.CV.BA.051585-0.01;Ventos de Santa Luzia 11;Sem Pendências;BA;Eólica;Cinética do Vento;NE;21.199.000,00;23.450.804,53 ;5,300;;;0,000;1,600;130,00;R$/MWh;0,00;0,00;11.395.800,00;143,81;12.606.287,01;01/01/2024;31/12/2043;Não;5.769,98;6.382,88
1928;2021;LEN;33ºLEN;Leilão de Energia Nova;006/2021;VSR 2;14.676.561/0001-10;QTDE2024-20;EOL.CV.RN.049668-5.01;Ventos de São Rafael 05;Sem Pendências;RN;Eólica;Cinética do Vento;NE;24.001.000,00;26.550.439,15 ;6,000;;;0,000;2,400;130,00;R$/MWh;0,00;0,00;18.233.280,00;143,81;20.170.059,21;01/01/2024;31/12/2043;Não;5.769,98;6.382,88
1929;2021;LEN;33ºLEN;Leilão de Energia Nova;006/2021;VSL;15.673.834/0001-35;QTDE2024-20;EOL.CV.BA.051586-8.01;Ventos de Santa Luzia 12;Sem Pendências;BA;Eólica;Cinética do Vento;NE;21.199.000,00;23.450.804,53 ;5,300;;;0,000;1,700;130,00;R$/MWh;0,00;0,00;13.674.960,00;143,81;15.127.544,41;01/01/2024;31/12/2043;Não;5.769,98;6.382,88
1930;2021;LEN;33ºLEN;Leilão de Energia Nova;006/2021;MIRANTE DO OESTE 1;28.507.748/0001-02;QTDE2024-20;EOL.CV.RN.044975-0.01;OESTE SERIDÓ II;Sem Pendências;RN;Eólica;Cinética do Vento;NE;89.555.000,00;99.067.729,59 ;21,000;;;0,000;14,400;161,61;R$/MWh;0,00;0,00;124.667.246,88;178,78;137.909.676,77;01/01/2024;31/12/2043;Não;5.769,98;6.382,88
1931;2021;LEN;33ºLEN;Leilão de Energia Nova;006/2021;MIRANTE DO OESTE 1;28.507.748/0001-02;QTDE2024-20;EOL.CV.RN.047165-8.01;OESTE SERIDO IV;Sem Pendências;RN;Eólica;Cinética do Vento;NE;101.355.000,00;112.121.151,62 ;25,200;;;0,000;16,700;161,60;R$/MWh;0,00;0,00;144.491.731,20;178,77;159.839.961,53;01/01/2024;31/12/2043;Não;5.769,98;6.382,88
1932;2021;LEN;33ºLEN;Leilão de Energia Nova;006/2021;MIRANTE DO OESTE 2;28.507.748/0001-02;QTDE2024-20;EOL.CV.RN.047162-3.01;OESTE SERIDÓ IX;Sem Pendências;RN;Eólica;Cinética do Vento;NE;101.355.000,00;112.121.151,62 ;25,200;;;0,000;13,800;160,00;R$/MWh;0,00;0,00;117.815.040,00;177,00;130.329.613,36;01/01/2024;31/12/2043;Não;5.769,98;6.382,88
1933;2021;LEN;33ºLEN;Leilão de Energia Nova;006/2021;MIRANTE DO OESTE 1;28.507.748/0001-02;QTDE2024-20;EOL.CV.RN.044976-8.01;OESTE SERIDO lll;Sem Pendências;RN;Eólica;Cinética do Vento;NE;101.355.000,00;112.121.151,62 ;25,200;;;0,000;15,200;160,00;R$/MWh;0,00;0,00;129.035.520,00;177,00;142.741.957,49;01/01/2024;31/12/2043;Não;5.769,98;6.382,88
1934;2021;LEN;33ºLEN;Leilão de Energia Nova;006/2021;ELAWAN;32.849.284/0001-81;QTDE2024-20;EOL.CV.RN.034612-8.01;Passagem;Sem Pendências;RN;Eólica;Cinética do Vento;NE;220.978.000,00;244.450.770,48 ;52,000;;;0,000;27,500;148,88;R$/MWh;0,00;0,00;221.863.953,60;164,69;245.430.832,02;01/01/2024;31/12/2043;Não;5.769,98;6.382,88
1935;2021;LEN;33ºLEN;Leilão de Energia Nova;006/2021;VSR 3;14.676.561/0001-10;QTDE2024-20;EOL.CV.RN.050015-1.01;Ventos de São Rafael 09;Sem Pendências;RN;Eólica;Cinética do Vento;NE;24.001.000,00;26.550.439,15 ;6,000;;;0,000;2,300;130,00;R$/MWh;0,00;0,00;15.954.120,00;143,81;17.648.801,81;01/01/2024;31/12/2043;Não;5.769,98;6.382,88
1936;2021;LEN;33ºLEN;Leilão de Energia Nova;006/2021;VSR;14.676.561/0001-10;QTDE2024-20;EOL.CV.PB.049664-2.01;Ventos de São Rafael 01;Sem Pendências;RN;Eólica;Cinética do Vento;NE;24.001.000,00;26.550.439,15 ;6,000;;;0,000;2,300;130,00;R$/MWh;0,00;0,00;15.954.120,00;143,81;17.648.801,81;01/01/2024;31/12/2043;Não;5.769,98;6.382,88
1937;2021;LEN;33ºLEN;Leilão de Energia Nova;006/2021;VSR 3;14.676.561/0001-10;QTDE2024-20;EOL.CV.RN.050016-0.01;Ventos de São Rafael 10;Sem Pendências;RN;Eólica;Cinética do Vento;NE;24.001.000,00;26.550.439,15 ;6,000;;;0,000;2,300;130,00;R$/MWh;0,00;0,00;15.954.120,00;143,81;17.648.801,81;01/01/2024;31/12/2043;Não;5.769,98;6.382,88
1938;2021;LEN;33ºLEN;Leilão de Energia Nova;006/2021;VSR 3;14.676.561/0001-10;QTDE2024-20;EOL.CV.RN.050017-8.01;Ventos de São Rafael 11;Sem Pendências;RN;Eólica;Cinética do Vento;NE;24.001.000,00;26.550.439,15 ;6,000;;;0,000;2,300;130,00;R$/MWh;0,00;0,00;15.954.120,00;143,81;17.648.801,81;01/01/2024;31/12/2043;Não;5.769,98;6.382,88
1939;2021;LEN;33ºLEN;Leilão de Energia Nova;006/2021;VSL 2;15.673.834/0001-35;QTDE2024-20;EOL.CV.BA.051587-6.01;Ventos de Santa Luzia 13;Sem Pendências;BA;Eólica;Cinética do Vento;NE;21.199.000,00;23.450.804,53 ;5,300;;;0,000;1,800;130,00;R$/MWh;0,00;0,00;13.674.960,00;143,81;15.127.544,41;01/01/2024;31/12/2043;Não;5.769,98;6.382,88
1940;2021;LEN;33ºLEN;Leilão de Energia Nova;006/2021;VSR;14.676.561/0001-10;QTDE2024-20;EOL.CV.RN.049665-0.01;Ventos de São Rafael 02;Sem Pendências;RN;Eólica;Cinética do Vento;NE;24.001.000,00;26.550.439,15 ;6,000;;;0,000;2,300;130,00;R$/MWh;0,00;0,00;15.954.120,00;143,81;17.648.801,81;01/01/2024;31/12/2043;Não;5.769,98;6.382,88
1941;2021;LEN;33ºLEN;Leilão de Energia Nova;006/2021;VSL 3;15.673.834/0001-35;QTDE2024-20;EOL.CV.BA.051589-2.01;Ventos de Santa Luzia 15;Sem Pendências;BA;Eólica;Cinética do Vento;NE;21.199.000,00;23.450.804,53 ;5,300;;;0,000;1,800;130,00;R$/MWh;0,00;0,00;13.674.960,00;143,81;15.127.544,41;01/01/2024;31/12/2043;Não;5.769,98;6.382,88
1942;2021;LEN;33ºLEN;Leilão de Energia Nova;006/2021;VSL 2;15.673.834/0001-35;QTDE2024-20;EOL.CV.BA.051588-4.01;Ventos de Santa Luzia 14;Sem Pendências;BA;Eólica;Cinética do Vento;NE;21.199.000,00;23.450.804,53 ;5,300;;;0,000;1,800;130,00;R$/MWh;0,00;0,00;13.674.960,00;143,81;15.127.544,41;01/01/2024;31/12/2043;Não;5.769,98;6.382,88
1943;2021;LEN;33ºLEN;Leilão de Energia Nova;006/2021;VSR;14.676.561/0001-10;QTDE2024-20;EOL.CV.RN.049666-9.01;Ventos de São Rafael 03;Sem Pendências;RN;Eólica;Cinética do Vento;NE;24.001.000,00;26.550.439,15 ;6,000;;;0,000;2,100;130,00;R$/MWh;0,00;0,00;15.954.120,00;143,81;17.648.801,81;01/01/2024;31/12/2043;Não;5.769,98;6.382,88
1944;2021;LEN;33ºLEN;Leilão de Energia Nova;006/2021;VSR 2;14.676.561/0001-10;QTDE2024-20;EOL.CV.RN.049669-3.01;Ventos de São Rafael 06;Sem Pendências;RN;Eólica;Cinética do Vento;NE;24.001.000,00;26.550.439,15 ;6,000;;;0,000;2,500;130,00;R$/MWh;0,00;0,00;18.233.280,00;143,81;20.170.059,21;01/01/2024;31/12/2043;Não;5.769,98;6.382,88
1945;2021;LEN;33ºLEN;Leilão de Energia Nova;006/2021;VSR;14.676.561/0001-10;QTDE2024-20;EOL.CV.RN.049667-7.01;Ventos de São Rafael 04;Sem Pendências;RN;Eólica;Cinética do Vento;NE;24.001.000,00;26.550.439,15 ;6,000;;;0,000;2,200;130,00;R$/MWh;0,00;0,00;15.954.120,00;143,81;17.648.801,81;01/01/2024;31/12/2043;Não;5.769,98;6.382,88
1946;2021;LEN;33ºLEN;Leilão de Energia Nova;006/2021;VSR 2;14.676.561/0001-10;QTDE2024-20;EOL.CV.RN.049670-7.01;Ventos de São Rafael 07;Sem Pendências;RN;Eólica;Cinética do Vento;NE;24.001.000,00;26.550.439,15 ;6,000;;;0,000;2,400;130,00;R$/MWh;0,00;0,00;18.233.280,00;143,81;20.170.059,21;01/01/2024;31/12/2043;Não;5.769,98;6.382,88
1947;2021;LEN;33ºLEN;Leilão de Energia Nova;006/2021;VSR 2;14.676.561/0001-10;QTDE2024-20;EOL.CV.RN.049671-5.01;Ventos de São Rafael 08;Sem Pendências;RN;Eólica;Cinética do Vento;NE;24.001.000,00;26.550.439,15 ;6,000;;;0,000;2,400;130,00;R$/MWh;0,00;0,00;18.233.280,00;143,81;20.170.059,21;01/01/2024;31/12/2043;Não;5.769,98;6.382,88
1948;2021;LEN;33ºLEN;Leilão de Energia Nova;006/2021;VSL 3;15.673.834/0001-35;QTDE2024-20;EOL.CV.BA.051590-6.01;Ventos de Santa Luzia 16;Sem Pendências;BA;Eólica;Cinética do Vento;NE;21.199.000,00;23.450.804,53 ;5,300;;;0,000;1,800;130,00;R$/MWh;0,00;0,00;13.674.960,00;143,81;15.127.544,41;01/01/2024;31/12/2043;Não;5.769,98;6.382,88
1949;2021;LEN;33ºLEN;Leilão de Energia Nova;006/2021;VSL 3;15.673.834/0001-35;QTDE2024-20;EOL.CV.BA.051591-4.01;Ventos de Santa Luzia 17;Sem Pendências;BA;Eólica;Cinética do Vento;NE;21.199.000,00;23.450.804,53 ;5,300;;;0,000;1,800;130,00;R$/MWh;0,00;0,00;13.674.960,00;143,81;15.127.544,41;01/01/2024;31/12/2043;Não;5.769,98;6.382,88
1950;2021;LEN;33ºLEN;Leilão de Energia Nova;006/2021;SOLAR TECNOLOGIA;15.312.198/0001-16;QTDS2024-20;UFV.RS.PE.037814-3.01;Boa Hora 4;Sem Pendências;PE;Solar Fotovoltaica;Radiação Solar Global;NE;109.820.000,00;121.485.322,58 ;23,100;;;27,300;5,800;120,00;R$/MWh;0,00;0,00;37.869.120,00;132,75;41.891.661,44;01/01/2024;31/12/2043;Não;5.769,98;6.382,88
1951;2021;LEN;33ºLEN;Leilão de Energia Nova;006/2021;SANTA LUZIA VII;40.586.619/0001-44;QTDS2024-20;UFV.RS.PB.049691-0.01;SANTA LUZIA VII;Sem Pendências;PB;Solar Fotovoltaica;Radiação Solar Global;NE;144.693.200,00;160.062.830,79 ;50,000;;;56,875;14,900;127,40;R$/MWh;0,00;0,00;178.686.144,00;140,93;197.666.580,27;01/01/2024;31/12/2043;Não;5.769,98;6.382,88
1952;2021;LEN;33ºLEN;Leilão de Energia Nova;006/2021;SANTA LUZIA V;40.790.472/0001-00;QTDS2024-20;UFV.RS.PB.049689-8.01;SANTA LUZIA V;Sem Pendências;PB;Solar Fotovoltaica;Radiação Solar Global;NE;144.693.200,00;160.062.830,79 ;50,000;;;57,000;14,900;127,40;R$/MWh;0,00;0,00;178.686.144,00;140,93;197.666.580,27;01/01/2024;31/12/2043;Não;5.769,98;6.382,88
1953;2021;LEN;33ºLEN;Leilão de Energia Nova;006/2021;SOLAR TECNOLOGIA;15.312.198/0001-16;QTDS2024-20;UFV.RS.PE.037815-1.01;Boa Hora 5;Sem Pendências;PE;Solar Fotovoltaica;Radiação Solar Global;NE;109.820.000,00;121.485.322,58 ;23,100;;;27,300;5,800;120,00;R$/MWh;0,00;0,00;37.869.120,00;132,75;41.891.661,44;01/01/2024;31/12/2043;Não;5.769,98;6.382,88
1954;2021;LEN;33ºLEN;Leilão de Energia Nova;006/2021;SOLAR TECNOLOGIA;15.312.198/0001-16;QTDS2024-20;UFV.RS.PE.037816-0.01;Boa Hora 6;Sem Pendências;PE;Solar Fotovoltaica;Radiação Solar Global;NE;109.820.000,00;121.485.322,58 ;23,100;;;27,300;5,800;120,00;R$/MWh;0,00;0,00;37.869.120,00;132,75;41.891.661,44;01/01/2024;31/12/2043;Não;5.769,98;6.382,88
1955;2021;LEN;33ºLEN;Leilão de Energia Nova;006/2021;ZILOR;60.855.574/0004-16;DISP2024-20;UTE.AI.SP.051532-9.01;BARRA GRANDE 2;Sem Pendências;SP;Biomassa;Bagaço de Cana de Açúcar;SE;250.100.000,00;276.666.173,54 ;70,000;;;0,000;21,400;177,20;R$/MWh;0,00;0,00;599.587.387,20;196,02;663.276.881,72;01/01/2024;31/12/2043;Não;5.769,98;6.382,88
1956;2021;LEN;33ºLEN;Leilão de Energia Nova;006/2021;MELHORAMENTOS NP;61.082.962/0001-21;DISP2024-20;UTE.AI.PR.028074-7.01;DESTILARIA MELHORAMENTOS;Sem Pendências;PR;Biomassa;Bagaço de Cana de Açúcar;S;63.951.980,00;70.745.100,35 ;21,140;;;0,000;4,300;174,00;R$/MWh;0,00;0,00;131.174.424,00;192,48;145.108.060,59;01/01/2024;31/12/2043;Não;5.769,98;6.382,88
1957;2021;LEN;34ºLEN;Leilão de Energia Nova;007/2021;CHM;14.143.405/0001-93;QTDH2025-30;PCH.PH.RS.035481-3.01;CHIMARRÃO;Sem Pendências;RS;Hidrelétrica (PCH);Rio Turvo;S;58.509.860,00;64.724.906,36 ;11,500;;;0,000;5,360;206,28;R$/MWh;0,00;0,00;287.498.706,91;228,19;318.037.453,57;01/01/2025;31/12/2054;Não;5.769,98;6.382,88
1958;2021;LEN;34ºLEN;Leilão de Energia Nova;007/2021;LINHA 11 OESTE;27.059.624/0001-30;QTDH2025-30;PCH.PH.RS.037413-0.01;Linha Onze Oeste;Sem Pendências;RS;Hidrelétrica (PCH);Rio Ijuí;S;122.736.520,00;135.773.863,82 ;15,520;;;0,000;8,550;206,28;R$/MWh;0,00;0,00;141.037.101,50;228,19;156.018.373,45;01/01/2025;31/12/2054;Não;5.769,98;6.382,88
1959;2021;LEN;34ºLEN;Leilão de Energia Nova;007/2021;UHE JURUENA;39.916.142/0001-39;QTDH2025-30;UHE.PH.MT.040733-0.01;JURUENA;Sem Pendências;MT;Hidrelétrica (UHE);Rio Jaruena;SE;334.174.240,00;369.670.964,72 ;49,998;;;0,000;39,800;207,84;R$/MWh;0,00;0,00;655.863.229,44;229,92;725.530.468,03;01/01/2025;31/12/2054;Não;5.769,98;6.382,88
1960;2021;LEN;34ºLEN;Leilão de Energia Nova;007/2021;MIRANTE DO OESTE 1;28.507.748/0001-02;QTDE2025-20;EOL.CV.RN.044974-1.01;OESTE SERIDO I;Sem Pendências;RN;Eólica;Cinética do Vento;NE;101.356.000,00;112.122.257,84 ;25,200;;;0,000;14,400;150,00;R$/MWh;0,00;0,00;115.711.200,00;165,93;128.002.298,84;01/01/2025;31/12/2044;Não;5.769,98;6.382,88
1961;2021;LEN;34ºLEN;Leilão de Energia Nova;007/2021;MIRANTE DO OESTE 1;28.507.748/0001-02;QTDE2025-20;EOL.CV.RN.047166-6.01;OESTE SERIDO V;Sem Pendências;RN;Eólica;Cinética do Vento;NE;101.355.000,00;112.121.151,62 ;25,200;;;0,000;16,700;151,90;R$/MWh;0,00;0,00;135.818.650,80;168,04;150.245.607,41;01/01/2025;31/12/2044;Não;5.769,98;6.382,88
1962;2021;LEN;34ºLEN;Leilão de Energia Nova;007/2021;MIRANTE DO OESTE 2;28.507.748/0001-02;QTDE2025-20;EOL.CV.RN.047161-5.01;OESTE SERIDÓ XI;Sem Pendências;RN;Eólica;Cinética do Vento;NE;124.955.000,00;138.227.995,66 ;33,600;;;0,000;19,100;150,50;R$/MWh;0,00;0,00;153.036.828,00;166,49;169.292.737,36;01/01/2025;31/12/2044;Não;5.769,98;6.382,88
1963;2021;LEN;34ºLEN;Leilão de Energia Nova;007/2021;ELAWAN;32.849.284/0001-81;QTDE2025-20;EOL.CV.RN.034612-8.01;Passagem;Sem Pendências;RN;Eólica;Cinética do Vento;NE;220.978.000,00;244.450.770,48 ;52,000;;;0,000;27,500;150,58;R$/MWh;0,00;0,00;316.796.227,20;166,57;350.447.021,08;01/01/2025;31/12/2044;Não;5.769,98;6.382,88
1964;2021;LEN;34ºLEN;Leilão de Energia Nova;007/2021;VSA;15.328.709/0001-98;QTDE2025-20;EOL.CV.BA.047205-0.01;Ventos de Santo Antônio 01;Sem Pendências;BA;Eólica;Cinética do Vento;NE;33.600.000,00;37.169.066,10 ;5,300;;;0,000;1,400;150,59;R$/MWh;0,00;0,00;13.200.719,40;166,59;14.602.928,93;01/01/2025;31/12/2044;Não;5.769,98;6.382,88
1965;2021;LEN;34ºLEN;Leilão de Energia Nova;007/2021;VSA;15.328.709/0001-98;QTDE2025-20;EOL.CV.BA.047208-5.01;Ventos de Santo Antônio 04;Sem Pendências;BA;Eólica;Cinética do Vento;NE;33.600.000,00;37.169.066,10 ;5,300;;;0,000;1,600;150,59;R$/MWh;0,00;0,00;13.200.719,40;166,59;14.602.928,93;01/01/2025;31/12/2044;Não;5.769,98;6.382,88
1966;2021;LEN;34ºLEN;Leilão de Energia Nova;007/2021;VSA;15.328.709/0001-98;QTDE2025-20;EOL.CV.BA.051592-2.01;Ventos de Santo Antônio 05;Sem Pendências;BA;Eólica;Cinética do Vento;NE;33.600.000,00;37.169.066,10 ;5,300;;;0,000;1,700;150,59;R$/MWh;0,00;0,00;15.840.863,28;166,59;17.523.514,71;01/01/2025;31/12/2044;Não;5.769,98;6.382,88
1967;2021;LEN;34ºLEN;Leilão de Energia Nova;007/2021;VSA 2;15.328.709/0001-98;QTDE2025-20;EOL.CV.BA.051593-0.01;Ventos de Santo Antônio 06;Sem Pendências;BA;Eólica;Cinética do Vento;NE;33.600.000,00;37.169.066,10 ;5,300;;;0,000;2,100;150,59;R$/MWh;0,00;0,00;18.481.007,16;166,59;20.444.100,50;01/01/2025;31/12/2044;Não;5.769,98;6.382,88
1968;2021;LEN;34ºLEN;Leilão de Energia Nova;007/2021;VSA 2;15.328.709/0001-98;QTDE2025-20;EOL.CV.BA.051594-9.01;Ventos de Santo Antônio 07;Sem Pendências;BA;Eólica;Cinética do Vento;NE;33.600.000,00;37.169.066,10 ;5,300;;;0,000;2,000;150,59;R$/MWh;0,00;0,00;15.840.863,28;166,59;17.523.514,71;01/01/2025;31/12/2044;Não;5.769,98;6.382,88
1969;2021;LEN;34ºLEN;Leilão de Energia Nova;007/2021;VSA 2;15.328.709/0001-98;QTDE2025-20;EOL.CV.BA.051595-7.01;Ventos de Santo Antônio 08;Sem Pendências;BA;Eólica;Cinética do Vento;NE;33.600.000,00;37.169.066,10 ;5,300;;;0,000;2,000;150,52;R$/MWh;0,00;0,00;15.833.499,84;166,51;17.515.369,11;01/01/2025;31/12/2044;Não;5.769,98;6.382,88
1970;2021;LEN;34ºLEN;Leilão de Energia Nova;007/2021;SANTA LUZIA VII;40.586.619/0001-44;QTDS2025-20;UFV.RS.PB.049691-0.01;SANTA LUZIA VII;Sem Pendências;PB;Solar Fotovoltaica;Radiação Solar Global;NE;144.693.200,00;160.062.830,79 ;50,000;;;56,875;14,900;138,50;R$/MWh;0,00;0,00;145.690.920,00;153,21;161.166.530,81;01/01/2025;31/12/2044;Não;5.769,98;6.382,88
1971;2021;LEN;34ºLEN;Leilão de Energia Nova;007/2021;SANTA LUZIA IX;40.586.767/0001-69;QTDS2025-20;UFV.RS.PB.049693-6.01;SANTA LUZIA IX;Sem Pendências;PB;Solar Fotovoltaica;Radiação Solar Global;NE;144.693.200,00;160.062.830,79 ;50,000;;;57,000;14,900;135,00;R$/MWh;0,00;0,00;236.682.000,00;149,34;261.822.883,99;01/01/2025;31/12/2044;Não;5.769,98;6.382,88
1972;2021;LEN;34ºLEN;Leilão de Energia Nova;007/2021;UBZ;55.109.565/0001-01;DISP2025-20;UTE.AI.SP.027835-1.01;Bazan;Sem Pendências;SP;Biomassa;Bagaço de Cana de Açúcar;SE;170.300.000,00;188.389.641,56 ;61,300;;;0,000;18,900;196,24;R$/MWh;0,00;0,00;275.238.374,40;217,09;304.474.801,51;01/01/2025;31/12/2044;Não;5.769,98;6.382,88
1973;2021;LEN;34ºLEN;Leilão de Energia Nova;007/2021;LAGUNA;07.912.062/0001-19;DISP2025-20;UTE.AI.MS.030482-4.01;LAGUNA;Sem Pendências;MS;Biomassa;Bagaço de Cana de Açúcar;SE;31.700.000,00;35.067.243,91 ;21,200;;;0,000;4,700;194,76;R$/MWh;0,00;0,00;78.534.243,36;215,45;86.876.323,88;01/01/2025;31/12/2044;Não;5.769,98;6.382,88
1974;2021;LEN;34ºLEN;Leilão de Energia Nova;007/2021;ALBIOMA;07.966.116/0001-29;DISP2025-20;UTE.AI.GO.030355-0.01;CODORA;Sem Pendências;GO;Biomassa;Bagaço de Cana de Açúcar;SE;94.750.000,00;104.814.553,95 ;10,000;;;0,000;7,300;196,14;R$/MWh;0,00;0,00;251.027.033,04;216,97;277.691.678,07;01/01/2025;31/12/2044;Não;5.769,98;6.382,88
1975;2021;LEN;35ºLEN;Leilão de Energia Nova;008/2021;SÃO ROQUE ENERGÉTICA;15.116.321/0001-23;QTDH2026-25;UHE.PH.SC.030938-9.01;UHE SÃO ROQUE;Sem Pendências;SC;Hidrelétrica (UHE);Rio Canoas;S;0,00;0,00 ;141,900;;;0,000;91,300;174,27;R$/MWh;0,00;0,00;1.061.688.251,66;189,30;1.153.262.601,20;01/01/2026;31/12/2050;Não;5.876,05;6.382,88
1976;2021;LEN;35ºLEN;Leilão de Energia Nova;008/2021;EÓLICA SERRA DAS VACAS;28.228.040/0001-04;QTDE2026-15;EOL.CV.PE.049354-6.01;Serra das Vacas B;Sem Pendências;PE;Eólica;Cinética do Vento;NE;164.280.400,00;178.450.162,87 ;44,000;;;0,000;19,100;177,65;R$/MWh;0,00;0,00;137.825.559,96;192,97;149.713.499,74;01/01/2026;31/12/2040;Não;5.876,05;6.382,88
1977;2021;LEN;35ºLEN;Leilão de Energia Nova;008/2021;STATKRAFT;00.622.416/0001-41;QTDE2026-15;EOL.CV.BA.050844-6.01;Morro 1;Sem Pendências;BA;Eólica;Cinética do Vento;NE;168.000.000,00;182.490.591,47 ;42,000;;;0,000;21,100;134,97;R$/MWh;0,00;0,00;113.587.296,77;146,61;123.384.601,02;01/01/2026;31/12/2040;Não;5.876,05;6.382,88
1978;2021;LEN;35ºLEN;Leilão de Energia Nova;008/2021;STATKRAFT;00.622.416/0001-41;QTDE2026-15;EOL.CV.BA.050845-4.01;Morro 2;Sem Pendências;BA;Eólica;Cinética do Vento;NE;117.600.000,00;127.743.414,03 ;29,400;;;0,000;14,600;134,97;R$/MWh;0,00;0,00;78.091.266,53;146,61;84.826.913,20;01/01/2026;31/12/2040;Não;5.876,05;6.382,88
1979;2021;LEN;35ºLEN;Leilão de Energia Nova;008/2021;VSL;15.673.834/0001-35;QTDE2026-15;EOL.CV.BA.051585-0.01;Ventos de Santa Luzia 11;Sem Pendências;BA;Eólica;Cinética do Vento;NE;21.199.000,00;23.027.488,38 ;5,300;;;0,000;1,600;175,86;R$/MWh;0,00;0,00;25.437.375,22;191,03;27.631.438,38;01/01/2026;31/12/2040;Não;5.876,05;6.382,88
1980;2021;LEN;35ºLEN;Leilão de Energia Nova;008/2021;VSL;15.673.834/0001-35;QTDE2026-15;EOL.CV.BA.051586-8.01;Ventos de Santa Luzia 12;Sem Pendências;BA;Eólica;Cinética do Vento;NE;21.199.000,00;23.027.488,38 ;5,300;;;0,000;1,700;175,87;R$/MWh;0,00;0,00;25.438.821,67;191,04;27.633.009,60;01/01/2026;31/12/2040;Não;5.876,05;6.382,88
1981;2021;LEN;35ºLEN;Leilão de Energia Nova;008/2021;VSL;15.673.834/0001-35;QTDE2026-15;EOL.CV.BA.051587-6.01;Ventos de Santa Luzia 13;Sem Pendências;BA;Eólica;Cinética do Vento;NE;21.199.000,00;23.027.488,38 ;5,300;;;0,000;1,800;175,86;R$/MWh;0,00;0,00;27.749.863,87;191,03;30.143.387,33;01/01/2026;31/12/2040;Não;5.876,05;6.382,88
1982;2021;LEN;35ºLEN;Leilão de Energia Nova;008/2021;VSL;14.676.561/0001-10;QTDE2026-15;EOL.CV.PB.049664-2.01;Ventos de São Rafael 01;Sem Pendências;RN;Eólica;Cinética do Vento;NE;24.001.000,00;26.071.170,75 ;6,000;;;0,000;2,300;175,87;R$/MWh;0,00;0,00;37.001.922,43;191,04;40.193.468,51;01/01/2026;31/12/2040;Não;5.876,05;6.382,88
1983;2021;LEN;35ºLEN;Leilão de Energia Nova;008/2021;VSL;14.676.561/0001-10;QTDE2026-15;EOL.CV.RN.049665-0.01;Ventos de São Rafael 02;Sem Pendências;RN;Eólica;Cinética do Vento;NE;24.001.000,00;26.071.170,75 ;6,000;;;0,000;2,300;175,87;R$/MWh;0,00;0,00;37.001.922,43;191,04;40.193.468,51;01/01/2026;31/12/2040;Não;5.876,05;6.382,88
1984;2021;LEN;35ºLEN;Leilão de Energia Nova;008/2021;VSL;14.676.561/0001-10;QTDE2026-15;EOL.CV.RN.049666-9.01;Ventos de São Rafael 03;Sem Pendências;RN;Eólica;Cinética do Vento;NE;24.001.000,00;26.071.170,75 ;6,000;;;0,000;2,100;175,87;R$/MWh;0,00;0,00;32.376.682,13;191,04;35.169.284,95;01/01/2026;31/12/2040;Não;5.876,05;6.382,88
1985;2021;LEN;35ºLEN;Leilão de Energia Nova;008/2021;VSL;14.676.561/0001-10;QTDE2026-15;EOL.CV.RN.049667-7.01;Ventos de São Rafael 04;Sem Pendências;RN;Eólica;Cinética do Vento;NE;24.001.000,00;26.071.170,75 ;6,000;;;0,000;2,200;175,87;R$/MWh;0,00;0,00;34.689.302,28;191,04;37.681.376,73;01/01/2026;31/12/2040;Não;5.876,05;6.382,88
1986;2021;LEN;35ºLEN;Leilão de Energia Nova;008/2021;VSL;14.676.561/0001-10;QTDE2026-15;EOL.CV.RN.049668-5.01;Ventos de São Rafael 05;Sem Pendências;RN;Eólica;Cinética do Vento;NE;24.001.000,00;26.071.170,75 ;6,000;;;0,000;2,400;175,87;R$/MWh;0,00;0,00;37.001.922,43;191,04;40.193.468,51;01/01/2026;31/12/2040;Não;5.876,05;6.382,88
1987;2021;LEN;35ºLEN;Leilão de Energia Nova;008/2021;BJA A5/21;29.166.267/0001-35;QTDS2026-15;UFV.RS.CE.051608-2.01;Bom Jardim I;Sem Pendências;CE;Solar Fotovoltaica;Radiação Solar Global;NE;209.376.430,00;227.435.884,23 ;48,118;;;59,388;15,100;168,00;R$/MWh;0,00;0,00;101.620.108,80;182,49;110.385.200,95;01/01/2026;31/12/2040;Não;5.876,05;6.382,88
1988;2021;LEN;35ºLEN;Leilão de Energia Nova;008/2021;BJA A5/21;29.166.267/0001-35;QTDS2026-15;UFV.RS.CE.051610-4.01;Bom Jardim III;Sem Pendências;CE;Solar Fotovoltaica;Radiação Solar Global;NE;209.376.430,00;227.435.884,23 ;48,118;;;59,388;15,100;168,00;R$/MWh;0,00;0,00;99.410.976,00;182,49;107.985.522,67;01/01/2026;31/12/2040;Não;5.876,05;6.382,88
1989;2021;LEN;35ºLEN;Leilão de Energia Nova;008/2021;CSI RDSF;39.401.496/0001-40;QTDS2026-15;UFV.RS.PI.051649-0.01;Raios de São Francisco V;Sem Pendências;PI;Solar Fotovoltaica;Radiação Solar Global;NE;100.694.010,00;109.379.222,87 ;30,000;;;36,936;8,700;166,61;R$/MWh;0,00;0,00;144.596.420,50;180,98;157.068.370,84;01/01/2026;31/12/2040;Não;5.876,05;6.382,88
1990;2021;LEN;35ºLEN;Leilão de Energia Nova;008/2021;CSI RDSF;39.401.496/0001-40;QTDS2026-15;UFV.RS.PI.051650-3.01;Raios de São Francisco VI;Sem Pendências;PI;Solar Fotovoltaica;Radiação Solar Global;NE;100.694.010,00;109.379.222,87 ;30,000;;;36,936;8,700;166,32;R$/MWh;0,00;0,00;144.344.737,15;180,67;156.794.978,92;01/01/2026;31/12/2040;Não;5.876,05;6.382,88
1991;2021;LEN;35ºLEN;Leilão de Energia Nova;008/2021;Panorama;35.658.058/0001-01;QTDS2026-15;UFV.RS.SP.049926-9.01;Lins 01;Sem Pendências;SP;Solar Fotovoltaica;Radiação Solar Global;SE;16.306.000,00;17.712.449,91 ;5,010;;;5,535;1,100;166,31;R$/MWh;0,00;0,00;10.934.549,88;180,65;11.877.693,30;01/01/2026;31/12/2040;Não;5.876,05;6.382,88
1992;2021;LEN;35ºLEN;Leilão de Energia Nova;008/2021;Panorama;35.658.058/0001-01;QTDS2026-15;UFV.RS.SP.049927-7.01;Lins 02;Sem Pendências;SP;Solar Fotovoltaica;Radiação Solar Global;SE;17.681.000,00;19.206.048,50 ;5,010;;;5,535;1,100;166,31;R$/MWh;0,00;0,00;10.934.549,88;180,65;11.877.693,30;01/01/2026;31/12/2040;Não;5.876,05;6.382,88
1993;2021;LEN;35ºLEN;Leilão de Energia Nova;008/2021;Panorama;35.658.058/0001-01;QTDS2026-15;UFV.RS.SP.049928-5.01;Lins 03;Sem Pendências;SP;Solar Fotovoltaica;Radiação Solar Global;SE;17.681.000,00;19.206.048,50 ;5,010;;;5,535;1,100;166,31;R$/MWh;0,00;0,00;10.934.549,88;180,65;11.877.693,30;01/01/2026;31/12/2040;Não;5.876,05;6.382,88
1994;2021;LEN;35ºLEN;Leilão de Energia Nova;008/2021;Panorama;35.658.058/0001-01;QTDS2026-15;UFV.RS.SP.049929-3.01;Lins 04;Sem Pendências;SP;Solar Fotovoltaica;Radiação Solar Global;SE;17.681.000,00;19.206.048,50 ;5,010;;;5,535;1,100;166,31;R$/MWh;0,00;0,00;10.934.549,88;180,65;11.877.693,30;01/01/2026;31/12/2040;Não;5.876,05;6.382,88
1995;2021;LEN;35ºLEN;Leilão de Energia Nova;008/2021;Panorama;35.658.058/0001-01;QTDS2026-15;UFV.RS.SP.049930-7.01;Lins 05;Sem Pendências;SP;Solar Fotovoltaica;Radiação Solar Global;SE;17.681.000,00;19.206.048,50 ;5,010;;;5,535;1,100;166,31;R$/MWh;0,00;0,00;10.934.549,88;180,65;11.877.693,30;01/01/2026;31/12/2040;Não;5.876,05;6.382,88
1996;2021;LEN;35ºLEN;Leilão de Energia Nova;008/2021;Panorama;35.658.058/0001-01;QTDS2026-15;UFV.RS.SP.049931-5.01;Lins 06;Sem Pendências;SP;Solar Fotovoltaica;Radiação Solar Global;SE;17.681.000,00;19.206.048,50 ;5,010;;;5,535;1,100;166,31;R$/MWh;0,00;0,00;10.934.549,88;180,65;11.877.693,30;01/01/2026;31/12/2040;Não;5.876,05;6.382,88
1997;2021;LEN;35ºLEN;Leilão de Energia Nova;008/2021;Panorama;35.658.058/0001-01;QTDS2026-15;UFV.RS.SP.049932-3.01;Lins 07;Sem Pendências;SP;Solar Fotovoltaica;Radiação Solar Global;SE;17.681.000,00;19.206.048,50 ;5,010;;;5,535;1,100;166,31;R$/MWh;0,00;0,00;10.934.549,88;180,65;11.877.693,30;01/01/2026;31/12/2040;Não;5.876,05;6.382,88
1998;2021;LEN;35ºLEN;Leilão de Energia Nova;008/2021;Panorama;35.658.058/0001-01;QTDS2026-15;UFV.RS.SP.049933-1.01;Lins 08;Sem Pendências;SP;Solar Fotovoltaica;Radiação Solar Global;SE;17.681.000,00;19.206.048,50 ;5,010;;;5,535;1,100;166,31;R$/MWh;0,00;0,00;10.934.549,88;180,65;11.877.693,30;01/01/2026;31/12/2040;Não;5.876,05;6.382,88
1999;2021;LEN;35ºLEN;Leilão de Energia Nova;008/2021;Panorama;35.658.058/0001-01;QTDS2026-15;UFV.RS.SP.049401-1.01;Panorama 01;Sem Pendências;SP;Solar Fotovoltaica;Radiação Solar Global;SE;17.681.000,00;19.206.048,50 ;5,010;;;5,535;1,100;166,32;R$/MWh;0,00;0,00;10.935.207,36;180,67;11.878.407,49;01/01/2026;31/12/2040;Não;5.876,05;6.382,88
2000;2021;LEN;35ºLEN;Leilão de Energia Nova;008/2021;Panorama;35.658.058/0001-01;QTDS2026-15;UFV.RS.SP.049402-0.01;Panorama 02;Sem Pendências;SP;Solar Fotovoltaica;Radiação Solar Global;SE;17.681.000,00;19.206.048,50 ;5,010;;;5,535;1,100;166,31;R$/MWh;0,00;0,00;10.934.549,88;180,65;11.877.693,30;01/01/2026;31/12/2040;Não;5.876,05;6.382,88
2001;2021;LEN;35ºLEN;Leilão de Energia Nova;008/2021;Panorama;35.658.058/0001-01;QTDS2026-15;UFV.RS.SP.049403-8.01;Panorama 03;Sem Pendências;SP;Solar Fotovoltaica;Radiação Solar Global;SE;17.681.000,00;19.206.048,50 ;5,010;;;5,535;1,100;166,31;R$/MWh;0,00;0,00;10.934.549,88;180,65;11.877.693,30;01/01/2026;31/12/2040;Não;5.876,05;6.382,88
2002;2021;LEN;35ºLEN;Leilão de Energia Nova;008/2021;Panorama;35.658.058/0001-01;QTDS2026-15;UFV.RS.SP.049404-6.01;Panorama 04;Sem Pendências;SP;Solar Fotovoltaica;Radiação Solar Global;SE;17.681.000,00;19.206.048,50 ;5,010;;;5,535;1,100;166,31;R$/MWh;0,00;0,00;10.934.549,88;180,65;11.877.693,30;01/01/2026;31/12/2040;Não;5.876,05;6.382,88
2003;2021;LEN;35ºLEN;Leilão de Energia Nova;008/2021;Panorama;35.658.058/0001-01;QTDS2026-15;UFV.RS.SP.049405-4.01;Panorama 05;Sem Pendências;SP;Solar Fotovoltaica;Radiação Solar Global;SE;17.681.000,00;19.206.048,50 ;5,010;;;5,535;1,100;166,31;R$/MWh;0,00;0,00;10.934.549,88;180,65;11.877.693,30;01/01/2026;31/12/2040;Não;5.876,05;6.382,88
2004;2021;LEN;35ºLEN;Leilão de Energia Nova;008/2021;Panorama;35.658.058/0001-01;QTDS2026-15;UFV.RS.SP.049406-2.01;Panorama 06;Sem Pendências;SP;Solar Fotovoltaica;Radiação Solar Global;SE;17.681.000,00;19.206.048,50 ;5,010;;;5,535;1,100;166,31;R$/MWh;0,00;0,00;10.934.549,88;180,65;11.877.693,30;01/01/2026;31/12/2040;Não;5.876,05;6.382,88
2005;2021;LEN;35ºLEN;Leilão de Energia Nova;008/2021;Panorama;35.658.058/0001-01;QTDS2026-15;UFV.RS.SP.049407-0.01;Panorama 07;Sem Pendências;SP;Solar Fotovoltaica;Radiação Solar Global;SE;17.681.000,00;19.206.048,50 ;5,010;;;5,535;1,100;166,31;R$/MWh;0,00;0,00;10.934.549,88;180,65;11.877.693,30;01/01/2026;31/12/2040;Não;5.876,05;6.382,88
2006;2021;LEN;35ºLEN;Leilão de Energia Nova;008/2021;Panorama;35.658.058/0001-01;QTDS2026-15;UFV.RS.SP.049408-9.01;Panorama 08;Sem Pendências;SP;Solar Fotovoltaica;Radiação Solar Global;SE;17.681.000,00;19.206.048,50 ;5,010;;;5,535;1,100;166,31;R$/MWh;0,00;0,00;10.934.549,88;180,65;11.877.693,30;01/01/2026;31/12/2040;Não;5.876,05;6.382,88
2007;2021;LEN;35ºLEN;Leilão de Energia Nova;008/2021;CVW;38.505.151/0001-74;DISTE2026-20;UTE.AI.AL.049853-0.01;CVW ENERGÉTICA;Sem Pendências;AL;Biomassa;Bagaço de Cana de Açúcar;NE;100.200.000,00;108.842.602,77 ;40,000;;;0,000;12,500;263,18;R$/MWh;0,00;0,00;249.159.875,04;285,88;270.650.791,47;01/01/2026;31/12/2045;Não;5.876,05;6.382,88
2008;2021;LEN;35ºLEN;Leilão de Energia Nova;008/2021;FS AGRISOLUTIONS;20.003.699/0002-31;DISTE2026-20;UTE.FL.MT.044865-6.01;SORRISO;Sem Pendências;MT;Biomassa;Cavaco de Madeira;SE;100.651.000,00;109.332.503,11 ;55,000;;;0,000;14,000;273,00;R$/MWh;0,00;0,00;201.021.912,00;296,55;218.360.759,64;01/01/2026;31/12/2045;Não;5.876,05;6.382,88
2009;2021;LEN;35ºLEN;Leilão de Energia Nova;008/2021;Raízen Paraguaçu;52.189.420/0001-61;DISTE2026-20;UTE.AI.SP.028078-0.01;BIOENERGIA PARAGUACU;Sem Pendências;SP;Biomassa;Bagaço de Cana de Açúcar;SE;114.143.130,00;123.988.376,82 ;30,000;;;0,000;9,900;273,02;R$/MWh;0,00;0,00;473.872.077,36;296,57;514.745.212,37;01/01/2026;31/12/2045;Não;5.876,05;6.382,88
2010;2021;LEN;35ºLEN;Leilão de Energia Nova;008/2021;Triângulo;37.978.223/0001-38;DISTE2026-20;UTE.AI.MG.050155-7.01;Triângulo;Sem Pendências;MG;Biomassa;Bagaço de Cana de Açúcar;SE;83.000.000,00;90.159.042,21 ;40,000;;;0,000;19,100;265,00;R$/MWh;0,00;0,00;418.138.200,00;287,86;454.204.091,87;01/01/2026;31/12/2045;Não;5.876,05;6.382,88
2011;2021;LEN;35ºLEN;Leilão de Energia Nova;008/2021;UTE CDL;27.171.295/0001-15;DISTE2026-20;UTE.FL.SP.040580-9.01;CIDADE DO LIVRO;Sem Pendências;SP;Biomassa;Bagaço de Cana de Açúcar;SE;502.299.200,00;545.624.274,42 ;80,000;;;0,000;52,100;275,08;R$/MWh;0,00;0,00;752.341.599,36;298,81;817.233.711,03;01/01/2026;31/12/2045;Não;5.876,05;6.382,88
2012;2021;LEN;35ºLEN;Leilão de Energia Nova;008/2021;UTE LAGUNA;07.912.062/0001-19;DISTE2026-20;UTE.AI.MS.030482-4.01;LAGUNA;Sem Pendências;MS;Biomassa;Bagaço de Cana de Açúcar;SE;31.700.000,00;34.434.236,60 ;21,200;;;0,000;4,600;273,00;R$/MWh;0,00;0,00;110.083.428,00;296,55;119.578.511,23;01/01/2026;31/12/2045;Não;5.876,05;6.382,88
2013;2021;LEN;35ºLEN;Leilão de Energia Nova;008/2021;UTE Uberaba 2;07.674.341/0001-91;DISTE2026-20;UTE.AI.MG.044551-7.01;UBERABA 2;Sem Pendências;MG;Biomassa;Bagaço de Cana de Açúcar;SE;80.000.000,00;86.900.281,65 ;35,000;;;0,000;19,100;273,00;R$/MWh;0,00;0,00;320.677.812,00;296,55;348.337.402,28;01/01/2026;31/12/2045;Não;5.876,05;6.382,88
2014;2021;LEN;35ºLEN;Leilão de Energia Nova;008/2021;URE BARUERI;14.641.895/0001-58;DISRS2026-20;UTE.RU.SP.031070-0.01;BARUERI;Sem Pendências;SP;Resíduo Sólido Urbano;Resíduo Sólido Urbano;SE;520.000.000,00;564.851.830,74 ;20,000;;;0,000;16,000;549,35;R$/MWh;0,00;0,00;1.155.744.504,00;596,73;1.255.431.536,44;01/01/2026;31/12/2045;Não;5.876,05;6.382,88
2015;2021;PCS;01ºPCS;Procedimento Competitivo Simplificado;001/2021;FENIX;35.367.818/0002-02;QTDE2022-03;UTE.FL.MT.029649-0.02;"UNIDADE DE GERAÇAÕ DE 
ENERGIA ELETRICA FENIX";Sem Pendências;MT;Biomassa;Cavaco de Madeira;SE;150.720.000,00;159.844.824,32 ;32,500;;;0,000;20,000;343,00;R$/MWh;0,00;0,00;220.782.240,00;363,77;234.148.741,81;01/05/2022;31/12/2025;Não;6.018,51;6.382,88
2016;2021;PCS;01ºPCS;Procedimento Competitivo Simplificado;001/2021;ROVEMA;07.290.082/0001-03;QTDE2022-03;UFV.RS.RO.056129-0.01;BURITIS;Sem Pendências;RO;Solar Fotovoltaica;Radiação Solar Global;SE;37.646.400,00;39.925.571,88 ;5,200;;;6,055;1,100;343,00;R$/MWh;0,00;0,00;11.039.112,00;363,77;11.707.437,09;01/05/2022;31/12/2025;Não;6.018,51;6.382,88
2017;2021;PCS;01ºPCS;Procedimento Competitivo Simplificado;001/2021;ROVEMA;07.290.082/0001-03;QTDE2022-03;UFV.RS.RO.056130-4.01;MACHADINHO;Sem Pendências;RO;Solar Fotovoltaica;Radiação Solar Global;SE;37.646.400,00;39.925.571,88 ;5,300;;;6,900;1,300;347,00;R$/MWh;0,00;0,00;13.401.417,60;368,01;14.212.760,36;01/05/2022;31/12/2025;Não;6.018,51;6.382,88
2018;2021;PCS;01ºPCS;Procedimento Competitivo Simplificado;001/2021;BBOG;22.881.417/0001-43;DISP2022-03;UTE.GN.PR.037896-8.01;BARRA BONITA I;Sem Pendências;PR;Gás Natural;Gás Natural;S;31.055.000,00;32.935.118,23 ;9,389;;;0,000;4,100;1.594,00;R$/MWh;0,00;0,00;200.075.054,40;1.690,50;212.187.910,83;01/05/2022;31/12/2025;Não;6.018,51;6.382,88
2019;2021;PCS;01ºPCS;Procedimento Competitivo Simplificado;001/2021;EDLUX;43.750.514/0001-77;DISP2022-03;UTE.GN.MS.055592-4.01;EDLUX X;Sem Pendências;MS;Gás Natural;Gás Natural;SE;54.100.000,00;57.375.298,54 ;56,000;;;0,000;53,200;1.594,84;R$/MWh;0,00;0,00;2.730.667.185,79;1.691,39;2.895.986.044,20;01/05/2022;31/12/2025;Não;6.018,51;6.382,88
2020;2021;PCS;01ºPCS;Procedimento Competitivo Simplificado;001/2021;EPP;23.398.090/0001-16;DISP2022-03;UTE.GN.MS.055739-0.01;EPP II;Sem Pendências;MS;Gás Natural;Gás Natural;SE;465.890.080,00;494.095.793,45 ;112,902;;;0,000;106,900;1.602,01;R$/MWh;0,00;0,00;5.511.666.703,90;1.699,00;5.845.351.618,75;01/05/2022;31/12/2025;Não;6.018,51;6.382,88
2021;2021;PCS;01ºPCS;Procedimento Competitivo Simplificado;001/2021;EPP;23.398.090/0001-16;DISP2022-03;UTE.GN.RJ.055740-4.01;EPP IV;Sem Pendências;RJ;Gás Natural;Gás Natural;SE;255.884.270,00;271.375.903,55 ;62,010;;;0,000;58,700;1.600,01;R$/MWh;0,00;0,00;3.022.740.172,01;1.696,88;3.205.741.585,39;01/05/2022;31/12/2025;Não;6.018,51;6.382,88
2022;2021;PCS;01ºPCS;Procedimento Competitivo Simplificado;001/2021;EPP 2;23.398.090/0001-16;DISP2022-03;UTE.GN.RJ.055856-7.01;Rio de Janeiro I;Sem Pendências;RJ;Gás Natural;Gás Natural;SE;465.890.080,00;494.095.793,45 ;112,902;;;0,000;106,900;1.601,01;R$/MWh;0,00;0,00;5.508.226.234,30;1.697,94;5.841.702.857,74;01/05/2022;31/12/2025;Não;6.018,51;6.382,88
2023;2021;PCS;01ºPCS;Procedimento Competitivo Simplificado;001/2021;KPS 1;43.637.457/0001-14;DISP2022-03;UTE.GN.RJ.055914-8.01;Karkey 013;Sem Pendências;RJ;Gás Natural;Gás Natural;SE;1.795.396.180,00;1.904.092.270,25 ;255,000;;;0,000;70,200;1.598,90;R$/MWh;0,00;0,00;3.612.421.631,52;1.695,70;3.831.123.281,91;01/05/2022;31/12/2025;Não;6.018,51;6.382,88
2024;2021;PCS;01ºPCS;Procedimento Competitivo Simplificado;001/2021;KPS 2;43.637.457/0001-14;DISP2022-03;UTE.GN.RJ.055917-2.01;Karkey 019;Sem Pendências;RJ;Gás Natural;Gás Natural;SE;807.232.450,00;856.103.563,91 ;115,000;;;0,000;67,200;1.599,60;R$/MWh;0,00;0,00;3.459.558.574,08;1.696,44;3.669.005.656,10;01/05/2022;31/12/2025;Não;6.018,51;6.382,88
2025;2021;PCS;01ºPCS;Procedimento Competitivo Simplificado;001/2021;MP 1;28.287.882/0001-37;DISP2022-03;UTE.GN.SP.055998-9.01;MP Paulinia;Sem Pendências;SP;Gás Natural;Gás Natural;SE;64.190.000,00;68.076.162,90 ;15,950;;;0,000;15,700;1.601,80;R$/MWh;0,00;0,00;809.371.599,84;1.698,78;858.372.221,23;01/05/2022;31/12/2025;Não;6.018,51;6.382,88
2026;2021;PCS;01ºPCS;Procedimento Competitivo Simplificado;001/2021;PORSUD I;43.637.457/0001-14;DISP2022-03;UTE.GN.RJ.055706-4.01;PORSUD I;Sem Pendências;RJ;Gás Natural;Gás Natural;SE;304.908.000,00;323.367.606,77 ;115,000;;;0,000;37,100;1.599,50;R$/MWh;0,00;0,00;1.909.845.226,80;1.696,34;2.025.470.241,18;01/05/2022;31/12/2025;Não;6.018,51;6.382,88
2027;2021;PCS;01ºPCS;Procedimento Competitivo Simplificado;001/2021;PORSUD II;43.637.457/0001-14;DISP2022-03;UTE.GN.RJ.055707-2.01;PORSUD II;Sem Pendências;RJ;Gás Natural;Gás Natural;SE;198.853.000,00;210.891.871,35 ;75,000;;;0,000;24,500;1.601,00;R$/MWh;0,00;0,00;1.262.401.308,00;1.697,93;1.338.829.055,83;01/05/2022;31/12/2025;Não;6.018,51;6.382,88
2028;2021;PCS;01ºPCS;Procedimento Competitivo Simplificado;001/2021;ROVEMA;07.290.082/0001-03;DISP2022-03;UTE.GN.SC.056139-8.01;RE TG 100 02 01;Sem Pendências;SC;Gás Natural;Gás Natural;S;42.590.000,00;45.168.465,15 ;100,200;;;0,000;68,700;1.599,95;R$/MWh;0,00;0,00;3.537.554.727,96;1.696,81;3.751.723.819,02;01/05/2022;31/12/2025;Não;6.018,51;6.382,88
2029;2021;PCS;01ºPCS;Procedimento Competitivo Simplificado;001/2021;TEVISA;09.043.782/0001-10;DISP2022-03;UTE.GN.ES.056350-1.01;VIANA 1;Sem Pendências;ES;Gás Natural;Gás Natural;SE;147.332.000,00;156.251.709,50 ;37,480;;;0,000;36,000;1.594,00;R$/MWh;0,00;0,00;1.795.545.360,00;1.690,50;1.904.250.481,84;01/05/2022;31/12/2025;Não;6.018,51;6.382,88
2030;2021;PCS;01ºPCS;Procedimento Competitivo Simplificado;001/2021;UTE POVOAÇÃO 1;43.174.526/0001-09;DISP2022-03;UTE.GN.ES.056045-6.01;POVOAÇÃO 1;Sem Pendências;ES;Gás Natural;Gás Natural;SE;269.571.000,00;285.891.249,58 ;74,960;;;0,000;72,000;1.601,95;R$/MWh;0,00;0,00;3.660.558.274,80;1.698,93;3.882.174.192,79;01/05/2022;31/12/2025;Não;6.018,51;6.382,88
2031;2021;PCS;01ºPCS;Procedimento Competitivo Simplificado;001/2021;UTE-LORM;10.472.905/0001-18;DISP2022-03;UTE.GN.ES.030054-3.01;"LUIZ OSCAR 
RODRIGUES DE MELO";Sem Pendências;ES;Gás Natural;Gás Natural;SE;132.023.000,00;140.015.878,72 ;36,000;;;0,000;34,600;1.594,00;R$/MWh;0,00;0,00;1.775.024.841,60;1.690,50;1.882.487.619,19;01/05/2022;31/12/2025;Não;6.018,51;6.382,88
2032;2021;LEE;26ºLEE;Leilão de Energia Existente;009/2021;ALUPAR;08.364.948/0001-38;QTDE2022-02;-;-;Sem Pendências;-;-;-;N;0,00;0,00 ;0,000;;;0,000;0,000;210,00;R$/MWh;0,00;0,00;69.904.800,00;222,71;74.136.945,83;01/01/2022;31/12/2023;Não;6.018,51;6.382,88
2033;2021;LEE;26ºLEE;Leilão de Energia Existente;009/2021;BRASIL COM;13.145.928/0001-06;QTDE2022-02;-;-;Sem Pendências;-;-;-;N;0,00;0,00 ;0,000;;;0,000;0,000;209,00;R$/MWh;0,00;0,00;73.233.600,00;221,65;77.667.276,58;01/01/2022;31/12/2023;Não;6.018,51;6.382,88
2034;2021;LEE;26ºLEE;Leilão de Energia Existente;009/2021;COPEL COM;19.125.927/0001-86;QTDE2022-02;-;-;Sem Pendências;-;-;-;NE;0,00;0,00 ;0,000;;;0,000;0,000;205,80;R$/MWh;0,00;0,00;25.239.312,00;218,26;26.767.339,39;01/01/2022;31/12/2023;Não;6.018,51;6.382,88
2035;2021;LEE;26ºLEE;Leilão de Energia Existente;009/2021;SAFIRA COM;09.495.582/0001-07;QTDE2022-02;-;-;Sem Pendências;-;-;-;N;0,00;0,00 ;0,000;;;0,000;0,000;210,00;R$/MWh;0,00;0,00;73.584.000,00;222,71;78.038.890,34;01/01/2022;31/12/2023;Não;6.018,51;6.382,88
2036;2021;LEE;27ºLEE;Leilão de Energia Existente;010/2021;ELETRONORTE;00.357.038/0001-16;QTDE2023-02;-;-;Sem Pendências;-;-;-;N;0,00;0,00 ;0,000;;;0,000;0,000;200,00;R$/MWh;0,00;0,00;178.948.800,00;212,11;189.782.639,98;01/01/2023;31/12/2024;Não;6.018,51;6.382,88
2037;2021;LEE;27ºLEE;Leilão de Energia Existente;010/2021;KROMA;10.202.852/0001-15;QTDE2023-02;-;-;Sem Pendências;-;-;-;N;0,00;0,00 ;0,000;;;0,000;0,000;199,88;R$/MWh;0,00;0,00;35.066.947,20;211,98;37.189.954,98;01/01/2023;31/12/2024;Não;6.018,51;6.382,88
2038;2021;LEE;27ºLEE;Leilão de Energia Existente;010/2021;KROMA;10.202.852/0001-15;QTDE2023-02;-;-;Sem Pendências;-;-;-;NE;0,00;0,00 ;0,000;;;0,000;0,000;199,88;R$/MWh;0,00;0,00;17.533.473,60;211,98;18.594.977,49;01/01/2023;31/12/2024;Não;6.018,51;6.382,88
2039;2021;LEE;27ºLEE;Leilão de Energia Existente;010/2021;MAXIMA ENERGIA;12.630.054/0001-10;QTDE2023-02;-;-;Sem Pendências;-;-;-;N;0,00;0,00 ;0,000;;;0,000;0,000;199,90;R$/MWh;0,00;0,00;10.521.136,80;212,00;11.158.102,86;01/01/2023;31/12/2024;Não;6.018,51;6.382,88
2040;2021;LEE;27ºLEE;Leilão de Energia Existente;010/2021;VIVAZ ENERGIA;26.537.119/0001-91;QTDE2023-02;-;-;Sem Pendências;-;-;-;N;0,00;0,00 ;0,000;;;0,000;0,000;199,98;R$/MWh;0,00;0,00;7.016.898,24;212,09;7.441.712,22;01/01/2023;31/12/2024;Não;6.018,51;6.382,88
2041;2021;LRC;01ºLRC;Leilão de Reserva de Capacidade;011/2021;Azulão;30.185.130/0001-07;POTE2026-15;UTE.GN.AM.035071-0.01;AZULÃO;Sem Pendências;AM;Gás Natural;Gás Natural;N;915.400.240,00;961.683.345,25 ;295,429;284,303;267,308;0,000;26,500;878.000,00;R$/MW.ano;0,00;555,75;3.520.446.360,00;922.392,13;3.698.441.932,08;01/07/2026;30/06/2041;Não;6.075,69;6.382,88
2042;2021;LRC;01ºLRC;Leilão de Reserva de Capacidade;011/2021;CEC;10.508.162/0001-99;POTE2026-15;UTE.PE.BA.029653-8.01;GLOBAL I;Sem Pendências;BA;Óleo Combustível;Óleo Combustível B1;NE;20.000.000,00;21.011.210,25 ;136,400;131,744;126,527;0,000;4,700;879.227,22;R$/MW.ano;0,00;1.275,59;1.668.689.736,97;923.681,40;1.753.059.545,22;01/07/2026;30/06/2041;Não;6.075,69;6.382,88
2043;2021;LRC;01ºLRC;Leilão de Reserva de Capacidade;011/2021;CEC;10.508.162/0001-99;POTE2026-15;UTE.PE.BA.029639-2.01;GLOBAL II;Sem Pendências;BA;Óleo Combustível;Óleo Combustível B1;NE;20.000.000,00;21.011.210,25 ;136,400;131,546;126,337;0,000;4,700;879.227,23;R$/MW.ano;0,00;1.275,59;1.666.183.958,35;923.681,41;1.750.427.073,15;01/07/2026;30/06/2041;Não;6.075,69;6.382,88
2044;2021;LRC;01ºLRC;Leilão de Reserva de Capacidade;011/2021;CEP;09.439.128/0001-20;POTE2026-15;UTE.PE.RN.028655-9.01;POTIGUAR;Sem Pendências;RN;Óleo Combustível;Óleo Diesel;NE;15.000.000,00;15.758.407,69 ;48,140;47,660;45,539;0,000;1,100;873.761,39;R$/MW.ano;0,00;2.050,45;596.853.299,09;917.939,21;627.030.507,76;01/07/2026;30/06/2041;Não;6.075,69;6.382,88
2045;2021;LRC;01ºLRC;Leilão de Reserva de Capacidade;011/2021;CEP;09.439.128/0001-20;POTE2026-15;UTE.PE.RN.029556-6.01;POTIGUAR III;Sem Pendências;RN;Óleo Combustível;Óleo Diesel;NE;15.000.000,00;15.758.407,69 ;51,460;50,950;48,513;0,000;1,200;873.761,40;R$/MW.ano;0,00;2.050,45;635.831.801,97;917.939,22;667.979.783,72;01/07/2026;30/06/2041;Não;6.075,69;6.382,88
2046;2021;LRC;01ºLRC;Leilão de Reserva de Capacidade;011/2021;DELTA GERAÇÃO PIE;13.787.764/0001-10;POTE2026-15;UTE.GN.MS.027075-0.01;WILLIAM ARJONA;Sem Pendências;MS;Gás Natural;Gás Natural;SE;0,00;0,00 ;177,116;166,300;148,301;0,000;11,400;877.700,00;R$/MW.ano;0,00;599,83;1.952.456.815,50;922.076,96;2.051.174.032,66;01/07/2026;30/06/2041;Não;6.075,69;6.382,88
2047;2021;LRC;01ºLRC;Leilão de Reserva de Capacidade;011/2021;Geramar;09.110.880/0001-23;POTE2026-15;UTE.PE.MA.029705-4.01;GERAMAR I;Sem Pendências;MA;Óleo Combustível;Óleo Combustível B1;N;0,00;0,00 ;165,870;162,870;145,539;0,000;6,300;872.388,41;R$/MW.ano;0,00;1.050,78;1.904.498.052,04;916.496,82;2.000.790.449,55;01/07/2026;30/06/2041;Não;6.075,69;6.382,88
2048;2021;LRC;01ºLRC;Leilão de Reserva de Capacidade;011/2021;Geramar;09.110.880/0001-23;POTE2026-15;UTE.PE.MA.029668-6.01;GERAMAR II;Sem Pendências;MA;Óleo Combustível;Óleo Combustível B1;N;0,00;0,00 ;165,870;162,870;145,539;0,000;6,300;872.388,41;R$/MW.ano;0,00;1.050,78;1.904.498.052,04;916.496,82;2.000.790.449,55;01/07/2026;30/06/2041;Não;6.075,69;6.382,88
2049;2021;LRC;01ºLRC;Leilão de Reserva de Capacidade;011/2021;LGSA;10.472.905/0001-18;POTE2026-15;UTE.GN.ES.030054-3.01;LUIZ OSCAR RODRIGUES DE MELO;Sem Pendências;ES;Gás Natural;Gás Natural;SE;105.800.000,00;111.149.302,22 ;204,000;198,798;190,867;0,000;14,000;878.152,17;R$/MW.ano;0,00;600,00;2.514.154.053,47;922.551,99;2.641.270.970,84;01/07/2026;30/06/2041;Não;6.075,69;6.382,88
2050;2021;LRC;01ºLRC;Leilão de Reserva de Capacidade;011/2021;Parnaíba II;14.578.002/0001-77;POTE2026-15;UTE.GN.MA.031193-6.01;PARNAÍBA IV;Sem Pendências;MA;Gás Natural;Gás Natural;N;0,00;0,00 ;56,277;55,140;39,331;0,000;4,900;881.000,00;R$/MW.ano;0,00;544,00;519.759.165,00;925.543,81;546.038.454,74;01/07/2026;30/06/2041;Não;6.075,69;6.382,88
2051;2021;LRC;01ºLRC;Leilão de Reserva de Capacidade;011/2021;PETROBRAS;33.000.167/0001-01;POTE2026-15;UTE.GN.MG.001096-0.01;IBIRITÉ;Sem Pendências;MG;Gás Natural;Gás Natural;SE;0,00;0,00 ;226,000;220,413;197,870;0,000;14,500;878.152,17;R$/MW.ano;0,00;600,00;2.606.399.548,17;922.551,99;2.738.180.445,02;01/07/2026;30/06/2041;Não;6.075,69;6.382,88
2052;2021;LRC;01ºLRC;Leilão de Reserva de Capacidade;011/2021;PETROBRAS;33.000.167/0001-01;POTE2026-15;UTE.GN.RJ.027888-2.01;TERMORIO;Sem Pendências;RJ;Gás Natural;Gás Natural;SE;0,00;0,00 ;1.058,300;994,081;922,351;0,000;68,100;876.685,12;R$/MW.ano;0,00;600,00;12.129.170.956,76;921.010,77;12.742.428.056,15;01/07/2026;30/06/2041;Não;6.075,69;6.382,88
2053;2021;LRC;01ºLRC;Leilão de Reserva de Capacidade;011/2021;PORTOCEM;27.241.084/0001-01;POTE2026-15;UTE.GN.CE.037748-1.01;PORTOCÉM I;Sem Pendências;CE;Gás Natural;Gás Natural;NE;4.225.156.350,00;4.438.782.420,32 ;1.571,888;1.535,057;1.473,690;0,000;203,500;843.974,84;R$/MW.ano;0,00;490,37;18.656.359.229,39;886.646,64;19.599.634.312,83;01/07/2026;30/06/2041;Não;6.075,69;6.382,88
2054;2021;LRC;01ºLRC;Leilão de Reserva de Capacidade;011/2021;Termopernambuco;03.795.050/0001-09;POTE2026-15;UTE.GN.PE.028031-3.01;TERMOPERNAMBUCO;Sem Pendências;PE;Gás Natural;Gás Natural;NE;50.584.000,00;53.141.552,96 ;550,000;17,790;498,173;0,000;38,800;487.412,70;R$/MW.ano;0,00;599,12;3.642.237.704,96;512.056,54;3.826.391.109,86;01/07/2026;30/06/2041;Não;6.075,69;6.382,88
2055;2021;LRC;01ºLRC;Leilão de Reserva de Capacidade;011/2021;TEVISA;09.043.782/0002-00;POTE2026-15;UTE.PE.ES.029664-3.01;VIANA;Sem Pendências;ES;Óleo Combustível;Óleo Combustível B1;SE;93.500.000,00;98.227.407,92 ;174,600;171,596;166,439;0,000;0,001;878.152,17;R$/MW.ano;0,00;1.155,69;2.192.381.535,34;922.551,99;2.303.229.469,29;01/07/2026;30/06/2041;Não;6.075,69;6.382,88
2056;2021;LRC;01ºLRC;Leilão de Reserva de Capacidade;011/2021;PORTOCEM;11.371.025/0001-18;POTE2026-15;UTE.GN.SC.035310-8.01;TROMBUDO;Sem Pendências;SC;Gás Natural;Gás Natural;S;17.764.900,00;18.663.102,45 ;28,023;27,500;24,959;0,000;2,100;875.346,10;R$/MW.ano;0,00;596,90;327.716.449,65;919.604,05;344.285.961,29;01/07/2026;30/06/2041;Não;6.075,69;6.382,88
2057;2021;LRC;01ºLRC;Leilão de Reserva de Capacidade;011/2021;UTLP;27.171.295/0001-15;POTE2026-15;UTE.FL.SP.040580-9.01;CIDADE DO LIVRO;Sem Pendências;SP;Biomassa;Bagaço de Cana de Açúcar;SE;502.299.200,00;527.695.704,96 ;80,000;72,400;65,601;0,000;55,700;877.321,16;R$/MW.ano;0,00;210,00;863.297.181,26;921.678,97;906.945.929,16;01/07/2026;30/06/2041;Não;6.075,69;6.382,88
